moves,time_taken
51,771.5829133987427
51,825.2036287784576
51,746.3665652275085
